id;additional_field;nickname;img;experience;bio
1;42;e-services;Obligatorio Ordenador;68681;../fake-data/blob/hipster.txt
2;42;International models;Región;34740;../fake-data/blob/hipster.txt
3;42;cero neutral;Contabilidad index connect;86518;../fake-data/blob/hipster.txt
4;42;open-source Ingeniero Orientado;Papelería Pequeño solutions;70361;../fake-data/blob/hipster.txt
5;42;Tenge;JSON array;53372;../fake-data/blob/hipster.txt
6;42;Argentine potenciada Algodón;partnerships Pollo Artesanal;88862;../fake-data/blob/hipster.txt
7;42;Sopa overriding;Implementación Som radical;69000;../fake-data/blob/hipster.txt
8;42;Loan payment;asimétrica Ergonómico Parque;63114;../fake-data/blob/hipster.txt
9;42;cutting-edge Regional CSS;programming bypass;90176;../fake-data/blob/hipster.txt
10;42;Negro Calleja;Juguetería;68487;../fake-data/blob/hipster.txt
