id;name;description;experience
1;withdrawal Avon rich;../fake-data/blob/hipster.txt;97009
2;deposit Vasco;../fake-data/blob/hipster.txt;60032
3;Juguetería;../fake-data/blob/hipster.txt;2316
4;Salud bifurcada;../fake-data/blob/hipster.txt;80834
5;back-end;../fake-data/blob/hipster.txt;46795
6;Rua Humano state;../fake-data/blob/hipster.txt;55986
7;Pakistan Guapo Oficial;../fake-data/blob/hipster.txt;14683
8;up optical Rincón;../fake-data/blob/hipster.txt;80800
9;Mascotas calculating Coche;../fake-data/blob/hipster.txt;48628
10;interface;../fake-data/blob/hipster.txt;60871
